<manifest>
  <metaData>
    <description>set from UI: 00000000-0000-0000-0000-000000000000</description>
    <uniqueIdentifier>f2d14bdd-134b-4261-a49d-b4d3880bcf15</uniqueIdentifier>
    <createDate>2011-06-16T11:10:31.5790932+02:00</createDate>
    <updateDate>2011-06-16T11:10:31.5810933+02:00</updateDate>
  </metaData>
  <providers>
    <provider id="d8e6ad83-e73a-11df-9492-0800200c9a66" includeAll="False" dependecyLevel="0">
      <item name="" id="8478938e-483b-4427-8471-6fc6fbfac764_d8e6ad83-e73a-11df-9492-0800200c9a66" includeChildren="False" />
    </provider>
    <provider id="2ab40e30-e292-11df-85ca-0800200c9a66" includeAll="False" dependecyLevel="0">
      <item name="" id="Sitemap_2ab40e30-e292-11df-85ca-0800200c9a66" includeChildren="False" />
    </provider>
  </providers>
</manifest>